Method	Protein	Motif	Start	End	MEME_Score	MEME_Pvalue	MSA_Score	MSA_Identity	MSA_Similarity	Match_Sequence
BLAST+MSA	MYBPC	GTVLSDIIQKYFF					16.0	66.7	100.0	YYF
BLAST+MSA	MYBPC	LSDLIQ					10.0	66.7	100.0	ELI
BLAST+MSA	MYBPC	LSSLIQ					8.0	100.0	100.0	LI
BLAST+MSA	MYBPC	LSDIIQ					8.0	33.3	100.0	ELI
BLAST+MSA	MYBPC	GLALSDLIQKYFF					16.0	66.7	100.0	YYF
BLAST+MSA	MYBPC	FKVGHGLAC					16.0	50.0	100.0	IGNG
BLAST+MSA	MYBPC	VNILAKI					7.0	50.0	100.0	NM
BLAST+MSA	MYBPC	GTVLSDIIQKYFF					18.0	37.5	75.0	GQALAELI
BLAST+MSA	MYBPC	LSDLIQ					15.0	60.0	100.0	LAELI
BLAST+MSA	MYBPC	LSSLIQ					13.0	60.0	80.0	LAELI
BLAST+MSA	MYBPC	LSDIIQ					13.0	40.0	100.0	LAELI
BLAST+MSA	MYBPC	GLALSDLIQKYFF					23.0	62.5	87.5	GQALAELI
BLAST+MSA	MYBPC	FKVGHGLAC					14.0	60.0	60.0	GQALA
BLAST+MSA	MYBPC	VNILAKI					11.0	50.0	100.0	LAEL
BLAST+MSA	MYBPC	GTVLSDIIQKYFF					11.0	25.0	75.0	IDDV
BLAST+MSA	MYBPC	LSDLIQ					9.0	25.0	75.0	IDDV
BLAST+MSA	MYBPC	LSSLIQ					7.0	33.3	66.7	SFV
BLAST+MSA	MYBPC	LSDIIQ					11.0	25.0	75.0	IDDV
BLAST+MSA	MYBPC	GLALSDLIQKYFF					11.0	66.7	66.7	YSF
BLAST+MSA	MYBPC	FKVGHGLAC					21.0	57.1	57.1	VPEGFAC
BLAST+MSA	MYBPC	VNILAKI					4.0	100.0	100.0	V
BLAST+MSA	MYL2	GTVLSDIIQKYFF					13.0	50.0	100.0	TILN
BLAST+MSA	MYL2	LSDLIQ					11.0	66.7	100.0	NDL
BLAST+MSA	MYL2	LSSLIQ					9.0	16.7	66.7	IDEMIK
BLAST+MSA	MYL2	LSDIIQ					10.0	16.7	83.3	IDEMIK
BLAST+MSA	MYL2	GLALSDLIQKYFF					12.0	14.3	85.7	IDEMIKE
BLAST+MSA	MYL2	FKVGHGLAC					15.0	100.0	100.0	FKV
BLAST+MSA	MYL2	VNILAKI					13.0	66.7	100.0	VNV
MEME	sp|Q14896|MYPC3_HUMAN	motif_2	822.0	827.0	9.059829059829063	3.23151504124183e-05				NFDLIQ
MEME	sp|O14639|ABLM1_HUMAN	motif_5	126.0	138.0	-6.725663716814161	7.855639493592424e-05				KVCGCDLAQGGFF
