Protein	Motif	Methods_Used	Num_Methods	Composite_Score	Score_Components	Match_Sequences
sp|Q14896|MYPC3_HUMAN	motif_2	MEME	1	1.796	MEME: 1.80	NFDLIQ
sp|O14639|ABLM1_HUMAN	motif_5	MEME	1	1.642	MEME: 1.64	KVCGCDLAQGGFF
MYBPC	GLALSDLIQKYFF	BLAST+MSA	1	1.053	MSA_score: 0.92; ID: 0.13	YYF; GQALAELI; YSF
MYBPC	FKVGHGLAC	BLAST+MSA	1	0.96	MSA_score: 0.84; ID: 0.12	IGNG; GQALA; VPEGFAC
MYBPC	GTVLSDIIQKYFF	BLAST+MSA	1	0.853	MSA_score: 0.72; ID: 0.13	YYF; GQALAELI; IDDV
MYL2	FKVGHGLAC	BLAST+MSA	1	0.8	MSA_score: 0.60; ID: 0.20	FKV
MYBPC	LSDLIQ	BLAST+MSA	1	0.733	MSA_score: 0.60; ID: 0.13	ELI; LAELI; IDDV
MYBPC	LSSLIQ	BLAST+MSA	1	0.72	MSA_score: 0.52; ID: 0.20	LI; LAELI; SFV
MYL2	VNILAKI	BLAST+MSA	1	0.653	MSA_score: 0.52; ID: 0.13	VNV
MYBPC	VNILAKI	BLAST+MSA	1	0.64	MSA_score: 0.44; ID: 0.20	NM; LAEL; V
MYL2	GTVLSDIIQKYFF	BLAST+MSA	1	0.62	MSA_score: 0.52; ID: 0.10	TILN
MYBPC	LSDIIQ	BLAST+MSA	1	0.6	MSA_score: 0.52; ID: 0.08	ELI; LAELI; IDDV
MYL2	LSDLIQ	BLAST+MSA	1	0.573	MSA_score: 0.44; ID: 0.13	NDL
MYL2	GLALSDLIQKYFF	BLAST+MSA	1	0.509	MSA_score: 0.48; ID: 0.03	IDEMIKE
MYL2	LSDIIQ	BLAST+MSA	1	0.433	MSA_score: 0.40; ID: 0.03	IDEMIK
MYL2	LSSLIQ	BLAST+MSA	1	0.393	MSA_score: 0.36; ID: 0.03	IDEMIK
