Subject	BLAST_Hit_Region	Motif	Aligned_Motif	Aligned_Hit	Identity(%)	Similarity(%)	Alignment_Score
MYBPC	FTVLEHYRRTHCVVPELIIGNGYYFRVFSQNM	GLALSDLIQKYFF	YFF	YYF	66.7	100.0	16.0
MYBPC	FTVLEHYRRTHCVVPELIIGNGYYFRVFSQNM	LSDLIQ	DLI	ELI	66.7	100.0	10.0
MYBPC	FTVLEHYRRTHCVVPELIIGNGYYFRVFSQNM	LSSLIQ	LI	LI	100.0	100.0	8.0
MYBPC	LCTSGGQALAELIVQEKKLEVYQSIADLM	GLALSDLIQKYFF	GLALSDLI	GQALAELI	62.5	87.5	23.0
MYBPC	LCTSGGQALAELIVQEKKLEVYQSIADLM	LSDLIQ	LSDLI	LAELI	60.0	100.0	15.0
MYBPC	LCTSGGQALAELIVQEKKLEVYQSIADLM	LSSLIQ	LSSLI	LAELI	60.0	80.0	13.0
MYBPC	TIDDVTPADEADYSFVPEGFAC	GLALSDLIQKYFF	YFF	YSF	66.7	66.7	11.0
MYBPC	TIDDVTPADEADYSFVPEGFAC	LSDLIQ	LSDL	IDDV	25.0	75.0	9.0
MYBPC	TIDDVTPADEADYSFVPEGFAC	LSSLIQ	SLI	SFV	33.3	66.7	7.0
MYL2	KEAFTIMDQNRDGFIDKNDLRDTFAALGRVNVKNEEIDEMIKEAPGPINFTVFLTMFGEKLKGADPEETILNAFKVFD	GLALSDLIQKYFF	LSDLIQK	IDEMIKE	14.3	85.7	12.0
MYL2	KEAFTIMDQNRDGFIDKNDLRDTFAALGRVNVKNEEIDEMIKEAPGPINFTVFLTMFGEKLKGADPEETILNAFKVFD	LSDLIQ	SDL	NDL	66.7	100.0	11.0
MYL2	KEAFTIMDQNRDGFIDKNDLRDTFAALGRVNVKNEEIDEMIKEAPGPINFTVFLTMFGEKLKGADPEETILNAFKVFD	LSSLIQ	LSSLIQ	IDEMIK	16.7	66.7	9.0
