Protein	BLAST_Hit_Region	Motif	Aligned_Motif	Aligned_Hit	Identity(%)	Similarity(%)	Alignment_Score
MYBPC	FTVLEHYRRTHCVVPELIIGNGYYFRVFSQNM	GLALSDLIQKYFF	YFF	YYF	66.7	100.0	16.0
MYBPC	FTVLEHYRRTHCVVPELIIGNGYYFRVFSQNM	LSDLIQ	DLI	ELI	66.7	100.0	10.0
MYBPC	FTVLEHYRRTHCVVPELIIGNGYYFRVFSQNM	LSSLIQ	LI	LI	100.0	100.0	8.0
MYBPC	FTVLEHYRRTHCVVPELIIGNGYYFRVFSQNM	GTVLSDIIQKYFF	YFF	YYF	66.7	100.0	16.0
MYBPC	FTVLEHYRRTHCVVPELIIGNGYYFRVFSQNM	LSDIIQ	DII	ELI	33.3	100.0	8.0
MYBPC	FTVLEHYRRTHCVVPELIIGNGYYFRVFSQNM	VNILAKI	NI	NM	50.0	100.0	7.0
MYBPC	LCTSGGQALAELIVQEKKLEVYQSIADLM	GLALSDLIQKYFF	GLALSDLI	GQALAELI	62.5	87.5	23.0
MYBPC	LCTSGGQALAELIVQEKKLEVYQSIADLM	LSDLIQ	LSDLI	LAELI	60.0	100.0	15.0
MYBPC	LCTSGGQALAELIVQEKKLEVYQSIADLM	LSSLIQ	LSSLI	LAELI	60.0	80.0	13.0
MYBPC	LCTSGGQALAELIVQEKKLEVYQSIADLM	GTVLSDIIQKYFF	GTVLSDII	GQALAELI	37.5	75.0	18.0
MYBPC	LCTSGGQALAELIVQEKKLEVYQSIADLM	LSDIIQ	LSDII	LAELI	40.0	100.0	13.0
MYBPC	LCTSGGQALAELIVQEKKLEVYQSIADLM	VNILAKI	LAKI	LAEL	50.0	100.0	11.0
MYBPC	TIDDVTPADEADYSFVPEGFAC	GLALSDLIQKYFF	YFF	YSF	66.7	66.7	11.0
MYBPC	TIDDVTPADEADYSFVPEGFAC	LSDLIQ	LSDL	IDDV	25.0	75.0	9.0
MYBPC	TIDDVTPADEADYSFVPEGFAC	LSSLIQ	SLI	SFV	33.3	66.7	7.0
MYBPC	TIDDVTPADEADYSFVPEGFAC	GTVLSDIIQKYFF	LSDI	IDDV	25.0	75.0	11.0
MYBPC	TIDDVTPADEADYSFVPEGFAC	LSDIIQ	LSDI	IDDV	25.0	75.0	11.0
MYBPC	TIDDVTPADEADYSFVPEGFAC	VNILAKI	V	V	100.0	100.0	4.0
MYL2	KEAFTIMDQNRDGFIDKNDLRDTFAALGRVNVKNEEIDEMIKEAPGPINFTVFLTMFGEKLKGADPEETILNAFKVFD	GLALSDLIQKYFF	LSDLIQK	IDEMIKE	14.3	85.7	12.0
MYL2	KEAFTIMDQNRDGFIDKNDLRDTFAALGRVNVKNEEIDEMIKEAPGPINFTVFLTMFGEKLKGADPEETILNAFKVFD	LSDLIQ	SDL	NDL	66.7	100.0	11.0
MYL2	KEAFTIMDQNRDGFIDKNDLRDTFAALGRVNVKNEEIDEMIKEAPGPINFTVFLTMFGEKLKGADPEETILNAFKVFD	LSSLIQ	LSSLIQ	IDEMIK	16.7	66.7	9.0
MYL2	KEAFTIMDQNRDGFIDKNDLRDTFAALGRVNVKNEEIDEMIKEAPGPINFTVFLTMFGEKLKGADPEETILNAFKVFD	GTVLSDIIQKYFF	TVLS	TILN	50.0	100.0	13.0
MYL2	KEAFTIMDQNRDGFIDKNDLRDTFAALGRVNVKNEEIDEMIKEAPGPINFTVFLTMFGEKLKGADPEETILNAFKVFD	LSDIIQ	LSDIIQ	IDEMIK	16.7	83.3	10.0
MYL2	KEAFTIMDQNRDGFIDKNDLRDTFAALGRVNVKNEEIDEMIKEAPGPINFTVFLTMFGEKLKGADPEETILNAFKVFD	VNILAKI	VNI	VNV	66.7	100.0	13.0
